Business Name,Type,City,Contact Name,Role,Email,Phone,Website,Source,Status,Last Contacted,Demo Link Sent,Notes
Bright Smile Dental,Dental clinic,Austin,Dr. Maria Lopez,Owner,,,brightsmile.example,Google Maps,To contact,,No,"Example row — delete. 4.6 stars, 120 reviews, no online booking = good fit"
,,,,,,,,,To contact,,No,
,,,,,,,,,To contact,,No,
,,,,,,,,,To contact,,No,
,,,,,,,,,To contact,,No,
,,,,,,,,,To contact,,No,
,,,,,,,,,To contact,,No,
,,,,,,,,,To contact,,No,
,,,,,,,,,To contact,,No,
,,,,,,,,,To contact,,No,
